CASUAL_SHOE_UNISEX,2020/07/26
MALE_FORMAL,2020/07/26
SNEAKER,2020/07/26
MALE_FORMAL,2020/07/26
BOOTS,2020/07/26
BOOTS,2020/07/26
BOOTS,2020/07/26
MALE_FORMAL,2020/07/26
SNEAKER,2020/07/26
CASUAL_SHOE_UNISEX,2020/07/26
SNEAKER,2020/07/26
BOOTS,2020/07/26
SNEAKER,2020/07/26
MALE_FORMAL,2020/07/26
BOOTS,2020/07/26
FEMALE_SHOE,2020/07/26
BOOTS,2020/07/26
SNEAKER,2020/07/26
FEMALE_SHOE,2020/07/26
CASUAL_SHOE_UNISEX,2020/07/26
SNEAKER,2020/07/26
FEMALE_SHOE,2020/07/26
SNEAKER,2020/07/26
SNEAKER,2020/07/26
FEMALE_SHOE,2020/07/26
FEMALE_SHOE,2020/07/26
BOOTS,2020/07/26
MALE_FORMAL,2020/07/26
BOOTS,2020/07/26
BOOTS,2020/07/26
SNEAKER,2020/07/26
FEMALE_SHOE,2020/07/26
CASUAL_SHOE_UNISEX,2020/07/26
BOOTS,2020/07/26
MALE_FORMAL,2020/07/26
FEMALE_SHOE,2020/07/26
CASUAL_SHOE_UNISEX,2020/07/26
BOOTS,2020/07/26
CASUAL_SHOE_UNISEX,2020/07/26
MALE_FORMAL,2020/07/26
BOOTS,2020/07/26
MALE_FORMAL,2020/07/26
BOOTS,2020/07/26
FEMALE_SHOE,2020/07/26
MALE_FORMAL,2020/07/26
SNEAKER,2020/07/26
